MG-RAST ID	Metagenome Name	bp Count	Sequence Count	Biome	Feature	Material	Location	Country	Coordinates	Sequence Type	Sequence Method	Download
4522007.3	EbM1	1,980,930	9,557	Tropical and subtropical grasslands, savannas, and shrubland biome	agricultural feature	soil	Volta	Ghana	6.720833, 0.345833	Amplicon	454	
4522008.3	EbM2	2,088,912	10,080	Tropical and subtropical grasslands, savannas, and shrubland biome	agricultural feature	soil	Volta	Ghana	6.720833, 0.345833	Amplicon	454	
4522009.3	EbM3	1,769,415	8,537	Tropical and subtropical grasslands, savannas, and shrubland biome	agricultural feature	soil	Volta	Ghana	6.720833, 0.345833	Amplicon	454	
4522010.3	EbM4	1,992,484	9,614	Tropical and subtropical grasslands, savannas, and shrubland biome	agricultural feature	soil	Volta	Ghana	6.720833, 0.345833	Amplicon	454	
4522011.3	EbMc	3,813,244	18,401	Tropical and subtropical grasslands, savannas, and shrubland biome	agricultural feature	soil	Volta	Ghana	6.720833, 0.345833	Amplicon	454	
4522021.3	PM1	2,048,140	9,883	Tropical and subtropical grasslands, savannas, and shrubland biome	agricultural feature	soil	Volta	Ghana	6.720833, 0.345833	Amplicon	454	
4522022.3	PM2	2,052,375	9,903	Tropical and subtropical grasslands, savannas, and shrubland biome	agricultural feature	soil	Volta	Ghana	6.720833, 0.345833	Amplicon	454	
4522023.3	PM3	2,529,301	12,205	Tropical and subtropical grasslands, savannas, and shrubland biome	agricultural feature	soil	Volta	Ghana	6.720833, 0.345833	Amplicon	454	
4522024.3	PM4	2,380,622	11,487	Tropical and subtropical grasslands, savannas, and shrubland biome	agricultural feature	soil	Volta	Ghana	6.720833, 0.345833	Amplicon	454	
4522012.3	EfM1	2,140,620	10,328	Tropical and subtropical grasslands, savannas, and shrubland biome	agricultural feature	soil	Volta	Ghana	6.720833, 0.345833	Amplicon	454	
4522013.3	EfM2	2,048,252	9,885	Tropical and subtropical grasslands, savannas, and shrubland biome	agricultural feature	soil	Volta	Ghana	6.720833, 0.345833	Amplicon	454	
4522014.3	EfM3	1,906,921	9,201	Tropical and subtropical grasslands, savannas, and shrubland biome	agricultural feature	soil	Volta	Ghana	6.720833, 0.345833	Amplicon	454	
4522015.3	EfM4	1,574,500	7,598	Tropical and subtropical grasslands, savannas, and shrubland biome	agricultural feature	soil	Volta	Ghana	6.720833, 0.345833	Amplicon	454	
4522016.3	EfMc	5,424,013	26,182	Tropical and subtropical grasslands, savannas, and shrubland biome	agricultural feature	soil	Volta	Ghana	6.720833, 0.345833	Amplicon	454	
4522002.3	BF1	2,071,661	9,995	Tropical and subtropical grasslands, savannas, and shrubland biome	agricultural feature	soil	Volta	Ghana	6.720833, 0.345833	Amplicon	454	
4522003.3	BF2	2,289,072	11,043	Tropical and subtropical grasslands, savannas, and shrubland biome	agricultural feature	soil	Volta	Ghana	6.720833, 0.345833	Amplicon	454	
4522004.3	BF3	1,862,384	8,987	Tropical and subtropical grasslands, savannas, and shrubland biome	agricultural feature	soil	Volta	Ghana	6.720833, 0.345833	Amplicon	454	
4522005.3	BF4	1,557,763	7,519	Tropical and subtropical grasslands, savannas, and shrubland biome	agricultural feature	soil	Volta	Ghana	6.720833, 0.345833	Amplicon	454	
4522006.3	BFc	6,898,484	33,295	Tropical and subtropical grasslands, savannas, and shrubland biome	agricultural feature	soil	Volta	Ghana	6.720833, 0.345833	Amplicon	454	
4522017.3	EU1	1,979,730	9,557	Tropical and subtropical grasslands, savannas, and shrubland biome	savanna	soil	Volta	Ghana	6.720833, 0.345833	Amplicon	454	
4522018.3	EU2	1,757,611	8,481	Tropical and subtropical grasslands, savannas, and shrubland biome	savanna	soil	Volta	Ghana	6.720833, 0.345833	Amplicon	454	
4522019.3	EUc	3,535,192	17,066	Tropical and subtropical grasslands, savannas, and shrubland biome	savanna	soil	Volta	Ghana	6.720833, 0.345833	Amplicon	454	
4522020.3	IA	2,188,234	10,565	Temperate grasslands, savannas, and shrubland biome	agricultural feature	soil	Iowa	USA	41.866667, 93.083333	Amplicon	454	
